時間,設備,值
2024-10-26 09:47:24,SA-37/LED_LEVEL,1
2024-10-26 09:47:25,SA-37/LED_LEVEL,3
2024-10-26 09:47:25,SA-37/LED_LEVEL,4
2024-10-26 09:47:26,SA-37/LED_LEVEL,5
2024-10-26 09:47:26,SA-37/LED_LEVEL,6
2024-10-26 09:47:27,SA-37/LED_LEVEL,7
2024-10-26 09:48:04,SA-37/LED_LEVEL,7
2024-10-26 09:48:07,SA-37/LED_LEVEL,9
2024-10-26 09:48:08,SA-37/LED_LEVEL,10
2024-10-26 09:48:09,SA-37/LED_LEVEL,8
2024-10-26 09:48:10,SA-37/LED_LEVEL,7
2024-10-26 09:48:11,SA-37/LED_LEVEL,6
2024-10-26 09:48:25,SA-37/LED_LEVEL,7
2024-10-26 09:48:26,SA-37/LED_LEVEL,8
2024-10-26 09:48:26,SA-37/LED_LEVEL,9
2024-10-26 09:48:27,SA-37/LED_LEVEL,5
2024-10-26 09:48:28,SA-37/LED_LEVEL,6
2024-10-26 09:48:28,SA-37/LED_LEVEL,7
2024-10-26 09:48:29,SA-37/LED_LEVEL,5
2024-10-26 09:48:30,SA-37/LED_LEVEL,3
2024-10-26 09:48:30,SA-37/LED_LEVEL,2
2024-10-26 09:48:31,SA-37/LED_LEVEL,1
2024-10-26 09:48:31,SA-37/LED_LEVEL,0
2024-10-26 09:48:34,SA-37/LED_LEVEL,1
2024-10-26 09:48:35,SA-37/LED_LEVEL,2
2024-10-26 10:15:48,SA-37/TEMPERATURE,27.98069
2024-10-26 10:15:48,SA-37/LINE_LEVEL,560
2024-10-26 10:15:50,SA-37/LINE_LEVEL,544
2024-10-26 10:15:52,SA-37/LINE_LEVEL,560
2024-10-26 10:15:54,SA-37/TEMPERATURE,28.44883
2024-10-26 10:15:54,SA-37/LINE_LEVEL,544
2024-10-26 10:15:56,SA-37/TEMPERATURE,27.98069
2024-10-26 10:15:58,SA-37/TEMPERATURE,28.44883
2024-10-26 10:16:00,SA-37/TEMPERATURE,27.98069
2024-10-26 10:16:00,SA-37/LINE_LEVEL,576
2024-10-26 10:16:02,SA-37/LINE_LEVEL,544
2024-10-26 10:16:06,SA-37/TEMPERATURE,28.44883
2024-10-26 10:16:08,SA-37/TEMPERATURE,27.98069
2024-10-26 10:16:08,SA-37/LINE_LEVEL,560
2024-10-26 10:16:10,SA-37/LINE_LEVEL,544
2024-10-26 10:16:14,SA-37/TEMPERATURE,28.44883
2024-10-26 10:16:18,SA-37/LINE_LEVEL,560
2024-10-26 10:16:22,SA-37/LINE_LEVEL,544
2024-10-26 10:16:24,SA-37/TEMPERATURE,27.98069
2024-10-26 10:16:24,SA-37/LINE_LEVEL,560
2024-10-26 10:16:26,SA-37/LINE_LEVEL,544
2024-10-26 10:16:30,SA-37/LINE_LEVEL,560
2024-10-26 10:16:32,SA-37/LINE_LEVEL,544
2024-10-26 10:16:36,SA-37/TEMPERATURE,28.44883
2024-10-26 10:16:38,SA-37/LINE_LEVEL,560
2024-10-26 10:16:40,SA-37/TEMPERATURE,27.98069
2024-10-26 10:16:40,SA-37/LINE_LEVEL,544
2024-10-26 10:16:42,SA-37/TEMPERATURE,28.44883
2024-10-26 10:16:42,SA-37/LINE_LEVEL,560
2024-10-26 10:16:44,SA-37/LINE_LEVEL,544
2024-10-26 10:16:50,SA-37/LINE_LEVEL,560
2024-10-26 10:16:52,SA-37/TEMPERATURE,27.98069
2024-10-26 10:16:53,SA-37/TEMPERATURE,28.44883
2024-10-26 10:16:54,SA-37/LINE_LEVEL,576
2024-10-26 10:16:56,SA-37/LINE_LEVEL,544
2024-10-26 10:16:58,SA-37/TEMPERATURE,27.98069
2024-10-26 10:17:00,SA-37/TEMPERATURE,28.44883
2024-10-26 10:17:00,SA-37/LINE_LEVEL,560
2024-10-26 10:17:08,SA-37/LINE_LEVEL,576
2024-10-26 10:17:10,SA-37/LINE_LEVEL,544
2024-10-26 10:17:12,SA-37/LINE_LEVEL,560
2024-10-26 10:17:14,SA-37/LINE_LEVEL,576
2024-10-26 10:17:16,SA-37/LINE_LEVEL,560
2024-10-26 10:17:18,SA-37/TEMPERATURE,27.98069
2024-10-26 10:17:20,SA-37/TEMPERATURE,28.44883
2024-10-26 10:17:20,SA-37/LINE_LEVEL,576
2024-10-26 10:17:22,SA-37/LINE_LEVEL,528
2024-10-26 10:17:24,SA-37/LINE_LEVEL,544
2024-10-26 10:17:28,SA-37/LINE_LEVEL,560
2024-10-26 10:17:30,SA-37/LINE_LEVEL,544
2024-10-26 10:17:34,SA-37/LINE_LEVEL,560
2024-10-26 10:17:36,SA-37/LINE_LEVEL,544
2024-10-26 10:17:38,SA-37/LINE_LEVEL,560
2024-10-26 10:17:40,SA-37/LINE_LEVEL,544
2024-10-26 10:17:42,SA-37/LINE_LEVEL,560
2024-10-26 10:17:44,SA-37/LINE_LEVEL,576
2024-10-26 10:17:46,SA-37/LINE_LEVEL,544
2024-10-26 10:17:48,SA-37/LINE_LEVEL,560
2024-10-26 10:17:51,SA-37/LINE_LEVEL,544
2024-10-26 10:17:54,SA-37/LINE_LEVEL,576
2024-10-26 10:17:56,SA-37/LINE_LEVEL,544
2024-10-26 10:17:58,SA-37/LINE_LEVEL,560
2024-10-26 10:18:10,SA-37/LINE_LEVEL,544
2024-10-26 10:18:14,SA-37/LINE_LEVEL,560
2024-10-26 10:18:16,SA-37/LINE_LEVEL,544
2024-10-26 10:18:20,SA-37/LINE_LEVEL,560
2024-10-26 10:18:28,SA-37/TEMPERATURE,28.91698
2024-10-26 10:18:30,SA-37/TEMPERATURE,28.44883
2024-10-26 10:18:34,SA-37/TEMPERATURE,28.91698
2024-10-26 10:18:34,SA-37/LINE_LEVEL,576
2024-10-26 10:18:36,SA-37/LINE_LEVEL,544
2024-10-26 10:18:38,SA-37/TEMPERATURE,28.44883
2024-10-26 10:18:42,SA-37/TEMPERATURE,28.91698
2024-10-26 10:18:42,SA-37/LINE_LEVEL,560
2024-10-26 10:18:45,SA-37/TEMPERATURE,28.44883
2024-10-26 10:18:48,SA-37/LINE_LEVEL,544
2024-10-26 10:18:52,SA-37/LINE_LEVEL,560
2024-10-26 10:18:54,SA-37/LINE_LEVEL,576
2024-10-26 10:18:56,SA-37/TEMPERATURE,28.91698
2024-10-26 10:18:56,SA-37/LINE_LEVEL,544
2024-10-26 10:18:58,SA-37/TEMPERATURE,28.44883
2024-10-26 10:19:00,SA-37/LINE_LEVEL,576
2024-10-26 10:19:03,SA-37/LINE_LEVEL,560
2024-10-26 10:19:10,SA-37/TEMPERATURE,28.91698
2024-10-26 10:19:12,SA-37/TEMPERATURE,28.44883
2024-10-26 10:19:14,SA-37/LINE_LEVEL,544
2024-10-26 10:19:17,SA-37/TEMPERATURE,28.91698
2024-10-26 10:19:17,SA-37/LINE_LEVEL,560
2024-10-26 10:19:20,SA-37/TEMPERATURE,28.44883
2024-10-26 10:19:20,SA-37/LINE_LEVEL,544
2024-10-26 10:19:22,SA-37/TEMPERATURE,28.91698
2024-10-26 10:19:22,SA-37/LINE_LEVEL,560
2024-10-26 10:19:30,SA-37/TEMPERATURE,28.44883
2024-10-26 10:19:30,SA-37/LINE_LEVEL,544
2024-10-26 10:19:34,SA-37/TEMPERATURE,28.91698
2024-10-26 10:19:34,SA-37/LINE_LEVEL,576
2024-10-26 10:19:38,SA-37/LINE_LEVEL,560
2024-10-26 10:19:40,SA-37/TEMPERATURE,28.44883
2024-10-26 10:19:42,SA-37/LINE_LEVEL,576
2024-10-26 10:19:44,SA-37/TEMPERATURE,28.91698
2024-10-26 10:19:46,SA-37/LINE_LEVEL,560
2024-10-26 10:19:49,SA-37/TEMPERATURE,28.44883
2024-10-26 10:21:45,SA-37/LINE_LEVEL,576
2024-10-26 10:21:47,SA-37/LINE_LEVEL,544
2024-10-26 10:21:49,SA-37/TEMPERATURE,28.91698
2024-10-26 10:21:49,SA-37/LINE_LEVEL,560
2024-10-26 10:21:51,SA-37/TEMPERATURE,28.44883
2024-10-26 10:21:51,SA-37/LINE_LEVEL,544
2024-10-26 10:21:53,SA-37/LINE_LEVEL,560
2024-10-26 10:21:57,SA-37/LINE_LEVEL,544
2024-10-26 10:21:57,SA-37/LINE_LEVEL,560
2024-10-26 10:21:59,SA-37/LINE_LEVEL,544
2024-10-26 10:22:03,SA-37/LINE_LEVEL,576
2024-10-26 10:22:05,SA-37/TEMPERATURE,27.98069
2024-10-26 10:22:05,SA-37/LINE_LEVEL,544
2024-10-26 10:22:07,SA-37/TEMPERATURE,28.44883
2024-10-26 10:22:11,SA-37/LINE_LEVEL,560
2024-10-26 10:22:13,SA-37/TEMPERATURE,27.98069
2024-10-26 10:22:13,SA-37/LINE_LEVEL,544
2024-10-26 10:22:15,SA-37/TEMPERATURE,28.44883
2024-10-26 10:22:15,SA-37/LINE_LEVEL,560
2024-10-26 10:22:21,SA-37/LINE_LEVEL,544
2024-10-26 10:22:23,SA-37/TEMPERATURE,27.98069
2024-10-26 10:22:23,SA-37/LINE_LEVEL,560
2024-10-26 10:22:25,SA-37/TEMPERATURE,28.44883
2024-10-26 10:22:27,SA-37/TEMPERATURE,27.98069
2024-10-26 10:22:27,SA-37/LINE_LEVEL,576
2024-10-26 10:22:29,SA-37/TEMPERATURE,28.44883
2024-10-26 10:22:29,SA-37/LINE_LEVEL,560
2024-10-26 10:22:33,SA-37/TEMPERATURE,27.98069
2024-10-26 10:22:35,SA-37/TEMPERATURE,28.44883
2024-10-26 10:22:35,SA-37/LINE_LEVEL,544
2024-10-26 10:22:37,SA-37/TEMPERATURE,27.98069
2024-10-26 10:22:39,SA-37/LINE_LEVEL,560
2024-10-26 10:22:45,SA-37/LINE_LEVEL,576
2024-10-26 10:22:47,SA-37/LINE_LEVEL,560
2024-10-26 10:22:53,SA-37/LINE_LEVEL,544
2024-10-26 10:22:55,SA-37/LINE_LEVEL,576
2024-10-26 10:22:57,SA-37/LINE_LEVEL,560
2024-10-26 10:22:59,SA-37/LINE_LEVEL,576
2024-10-26 10:23:01,SA-37/LINE_LEVEL,560
2024-10-26 10:23:05,SA-37/LINE_LEVEL,544
2024-10-26 10:23:09,SA-37/LINE_LEVEL,560
2024-10-26 10:23:11,SA-37/LINE_LEVEL,544
2024-10-26 10:23:15,SA-37/LINE_LEVEL,560
2024-10-26 10:23:17,SA-37/LINE_LEVEL,544
2024-10-26 10:23:21,SA-37/TEMPERATURE,27.51254
2024-10-26 10:23:25,SA-37/TEMPERATURE,27.98069
2024-10-26 10:23:25,SA-37/LINE_LEVEL,560
2024-10-26 10:23:31,SA-37/TEMPERATURE,27.51254
2024-10-26 10:23:37,SA-37/TEMPERATURE,27.98069
2024-10-26 10:23:39,SA-37/LINE_LEVEL,544
2024-10-26 10:23:42,SA-37/LINE_LEVEL,560
2024-10-26 10:23:45,SA-37/TEMPERATURE,27.51254
2024-10-26 10:23:45,SA-37/LINE_LEVEL,544
2024-10-26 10:23:49,SA-37/LINE_LEVEL,560
2024-10-26 10:23:59,SA-37/LINE_LEVEL,544
2024-10-26 10:24:01,SA-37/LINE_LEVEL,560
2024-10-26 10:24:03,SA-37/LINE_LEVEL,544
2024-10-26 10:24:05,SA-37/LINE_LEVEL,576
2024-10-26 10:24:07,SA-37/LINE_LEVEL,560
2024-10-26 10:24:09,SA-37/LINE_LEVEL,544
2024-10-26 10:24:11,SA-37/LINE_LEVEL,560
2024-10-26 10:24:13,SA-37/LINE_LEVEL,544
2024-10-26 10:24:23,SA-37/LINE_LEVEL,560
2024-10-26 10:24:23,SA-37/LINE_LEVEL,544
2024-10-26 10:24:25,SA-37/LINE_LEVEL,560
2024-10-26 10:24:29,SA-37/LINE_LEVEL,544
2024-10-26 10:24:31,SA-37/LINE_LEVEL,560
2024-10-26 10:24:33,SA-37/LINE_LEVEL,544
2024-10-26 10:24:40,SA-37/LINE_LEVEL,560
2024-10-26 10:24:47,SA-37/LINE_LEVEL,544
2024-10-26 10:24:49,SA-37/LINE_LEVEL,560
2024-10-26 10:24:51,SA-37/TEMPERATURE,27.0444
2024-10-26 10:24:51,SA-37/LINE_LEVEL,544
2024-10-26 10:24:53,SA-37/TEMPERATURE,27.51254
2024-10-26 10:24:57,SA-37/LINE_LEVEL,576
2024-10-26 10:24:57,SA-37/LINE_LEVEL,560
2024-10-26 10:25:01,SA-37/LINE_LEVEL,544
2024-10-26 10:25:03,SA-37/LINE_LEVEL,560
2024-10-26 10:25:05,SA-37/LINE_LEVEL,544
2024-10-26 10:25:10,SA-37/LINE_LEVEL,560
2024-10-26 10:25:12,SA-37/LINE_LEVEL,544
2024-10-26 10:25:17,SA-37/TEMPERATURE,27.0444
2024-10-26 10:25:17,SA-37/LINE_LEVEL,560
2024-10-26 10:25:19,SA-37/TEMPERATURE,27.51254
2024-10-26 10:25:23,SA-37/TEMPERATURE,27.98069
2024-10-26 10:25:23,SA-37/TEMPERATURE,27.51254
2024-10-26 10:25:26,SA-37/LINE_LEVEL,544
2024-10-26 10:25:28,SA-37/LINE_LEVEL,560
2024-10-26 10:25:30,SA-37/LINE_LEVEL,544
2024-10-26 10:25:31,SA-37/TEMPERATURE,27.98069
2024-10-26 10:25:31,SA-37/LINE_LEVEL,560
2024-10-26 10:25:34,SA-37/TEMPERATURE,27.51254
2024-10-26 10:25:34,SA-37/LINE_LEVEL,544
2024-10-26 10:25:35,SA-37/LINE_LEVEL,576
2024-10-26 10:25:37,SA-37/TEMPERATURE,27.98069
2024-10-26 10:25:37,SA-37/LINE_LEVEL,544
2024-10-26 10:25:41,SA-37/TEMPERATURE,27.51254
2024-10-26 10:25:44,SA-37/LINE_LEVEL,560
2024-10-26 10:25:45,SA-37/TEMPERATURE,27.98069
2024-10-26 10:25:49,SA-37/LINE_LEVEL,544
2024-10-26 10:25:52,SA-37/TEMPERATURE,27.51254
2024-10-26 10:25:52,SA-37/LINE_LEVEL,560
2024-10-26 10:25:53,SA-37/TEMPERATURE,27.98069
2024-10-26 10:25:53,SA-37/LINE_LEVEL,576
2024-10-26 10:25:57,SA-37/TEMPERATURE,28.44883
2024-10-26 10:25:57,SA-37/LINE_LEVEL,560
2024-10-26 10:25:59,SA-37/TEMPERATURE,27.98069
2024-10-26 10:26:01,SA-37/LINE_LEVEL,544
2024-10-26 10:26:03,SA-37/LINE_LEVEL,560
2024-10-26 10:26:07,SA-37/LINE_LEVEL,544
2024-10-26 10:26:09,SA-37/LINE_LEVEL,560
2024-10-26 10:26:12,SA-37/TEMPERATURE,28.44883
2024-10-26 10:26:12,SA-37/LINE_LEVEL,544
2024-10-26 10:26:13,SA-37/TEMPERATURE,27.98069
2024-10-26 10:26:13,SA-37/LINE_LEVEL,560
2024-10-26 10:26:17,SA-37/LINE_LEVEL,544
2024-10-26 10:26:25,SA-37/LINE_LEVEL,560
2024-10-26 10:26:27,SA-37/LINE_LEVEL,544
2024-10-26 10:26:30,SA-37/LINE_LEVEL,560
2024-10-26 10:26:31,SA-37/LINE_LEVEL,544
2024-10-26 10:26:35,SA-37/TEMPERATURE,28.44883
2024-10-26 10:26:35,SA-37/LINE_LEVEL,560
2024-10-26 10:26:35,SA-37/LINE_LEVEL,576
2024-10-26 10:26:37,SA-37/LINE_LEVEL,560
2024-10-26 10:26:43,SA-37/TEMPERATURE,27.98069
2024-10-26 10:26:47,SA-37/TEMPERATURE,28.44883
2024-10-26 10:26:47,SA-37/LINE_LEVEL,544
2024-10-26 10:26:49,SA-37/LINE_LEVEL,560
2024-10-26 10:26:51,SA-37/LINE_LEVEL,576
2024-10-26 10:26:53,SA-37/TEMPERATURE,27.98069
2024-10-26 10:26:53,SA-37/LINE_LEVEL,560
2024-10-26 10:26:55,SA-37/TEMPERATURE,28.44883
2024-10-26 10:26:55,SA-37/LINE_LEVEL,576
2024-10-26 10:26:57,SA-37/LINE_LEVEL,544
2024-10-26 10:27:00,SA-37/LINE_LEVEL,560
2024-10-26 10:27:06,SA-37/LINE_LEVEL,544
2024-10-26 10:27:09,SA-37/TEMPERATURE,27.98069
2024-10-26 10:27:09,SA-37/LINE_LEVEL,560
2024-10-26 10:27:11,SA-37/TEMPERATURE,28.44883
2024-10-26 10:27:13,SA-37/LINE_LEVEL,576
2024-10-26 10:27:15,SA-37/LINE_LEVEL,560
2024-10-26 10:27:26,SA-37/LINE_LEVEL,544
2024-10-26 10:27:29,SA-37/LINE_LEVEL,560
2024-10-26 10:27:39,SA-37/LINE_LEVEL,544
2024-10-26 10:27:41,SA-37/LINE_LEVEL,560
2024-10-26 10:27:44,SA-37/LINE_LEVEL,544
2024-10-26 10:27:47,SA-37/LINE_LEVEL,560
2024-10-26 10:27:52,SA-37/LINE_LEVEL,544
2024-10-26 10:27:55,SA-37/LINE_LEVEL,560
2024-10-26 10:27:57,SA-37/LINE_LEVEL,544
2024-10-26 10:27:59,SA-37/LINE_LEVEL,560
2024-10-26 10:28:01,SA-37/LINE_LEVEL,576
2024-10-26 10:28:03,SA-37/LINE_LEVEL,560
2024-10-26 10:28:05,SA-37/LINE_LEVEL,576
2024-10-26 10:28:07,SA-37/LINE_LEVEL,544
2024-10-26 10:28:09,SA-37/LINE_LEVEL,560
2024-10-26 10:28:11,SA-37/LINE_LEVEL,544
2024-10-26 10:28:13,SA-37/LINE_LEVEL,560
2024-10-26 10:28:19,SA-37/LINE_LEVEL,544
2024-10-26 10:28:23,SA-37/LINE_LEVEL,560
2024-10-26 10:28:29,SA-37/LINE_LEVEL,544
2024-10-26 10:28:31,SA-37/LINE_LEVEL,560
2024-10-26 10:28:40,SA-37/LINE_LEVEL,544
2024-10-26 10:28:43,SA-37/LINE_LEVEL,560
2024-10-26 10:28:47,SA-37/LINE_LEVEL,544
2024-10-26 10:28:49,SA-37/LINE_LEVEL,576
2024-10-26 10:28:51,SA-37/LINE_LEVEL,560
2024-10-26 10:28:57,SA-37/LINE_LEVEL,576
2024-10-26 10:28:59,SA-37/LINE_LEVEL,560
2024-10-26 10:29:03,SA-37/LINE_LEVEL,544
2024-10-26 10:29:05,SA-37/LINE_LEVEL,560
2024-10-26 10:29:09,SA-37/TEMPERATURE,28.91698
2024-10-26 10:29:09,SA-37/LINE_LEVEL,576
2024-10-26 10:29:11,SA-37/TEMPERATURE,28.44883
2024-10-26 10:29:11,SA-37/LINE_LEVEL,544
2024-10-26 10:29:13,SA-37/LINE_LEVEL,560
2024-10-26 10:29:15,SA-37/TEMPERATURE,28.91698
2024-10-26 10:29:15,SA-37/LINE_LEVEL,544
2024-10-26 10:29:17,SA-37/TEMPERATURE,28.44883
2024-10-26 10:29:17,SA-37/LINE_LEVEL,560
2024-10-26 10:29:19,SA-37/LINE_LEVEL,576
2024-10-26 10:29:23,SA-37/LINE_LEVEL,560
2024-10-26 10:29:30,SA-37/TEMPERATURE,28.91698
2024-10-26 10:29:30,SA-37/LINE_LEVEL,544
2024-10-26 10:29:33,SA-37/LINE_LEVEL,576
2024-10-26 10:29:35,SA-37/TEMPERATURE,28.44883
2024-10-26 10:29:35,SA-37/LINE_LEVEL,560
2024-10-26 10:29:38,SA-37/TEMPERATURE,28.91698
2024-10-26 10:29:41,SA-37/TEMPERATURE,28.44883
2024-10-26 10:29:41,SA-37/LINE_LEVEL,544
2024-10-26 10:29:43,SA-37/TEMPERATURE,28.91698
2024-10-26 10:29:43,SA-37/LINE_LEVEL,576
2024-10-26 10:29:45,SA-37/TEMPERATURE,28.44883
2024-10-26 10:29:45,SA-37/LINE_LEVEL,560
2024-10-26 10:29:47,SA-37/TEMPERATURE,28.91698
2024-10-26 10:29:47,SA-37/LINE_LEVEL,544
2024-10-26 10:29:49,SA-37/LINE_LEVEL,560
2024-10-26 10:29:51,SA-37/TEMPERATURE,28.44883
2024-10-26 10:29:51,SA-37/LINE_LEVEL,544
2024-10-26 10:29:55,SA-37/TEMPERATURE,28.91698
2024-10-26 10:29:55,SA-37/LINE_LEVEL,560
2024-10-26 10:29:57,SA-37/TEMPERATURE,28.44883
2024-10-26 10:29:57,SA-37/LINE_LEVEL,576
2024-10-26 10:29:59,SA-37/TEMPERATURE,28.91698
2024-10-26 10:29:59,SA-37/LINE_LEVEL,544
2024-10-26 10:30:01,SA-37/TEMPERATURE,28.44883
2024-10-26 10:30:01,SA-37/LINE_LEVEL,560
2024-10-26 10:30:05,SA-37/TEMPERATURE,28.91698
2024-10-26 10:30:07,SA-37/TEMPERATURE,28.44883
2024-10-26 10:30:09,SA-37/TEMPERATURE,28.91698
2024-10-26 10:30:10,SA-37/LINE_LEVEL,576
2024-10-26 10:30:11,SA-37/TEMPERATURE,28.44883
2024-10-26 10:30:11,SA-37/LINE_LEVEL,560
2024-10-26 10:30:13,SA-37/LINE_LEVEL,544
2024-10-26 10:30:15,SA-37/LINE_LEVEL,560
2024-10-26 10:30:19,SA-37/LINE_LEVEL,576
2024-10-26 10:30:21,SA-37/LINE_LEVEL,560
2024-10-26 10:30:23,SA-37/TEMPERATURE,28.91698
2024-10-26 10:30:25,SA-37/TEMPERATURE,28.44883
2024-10-26 10:30:25,SA-37/LINE_LEVEL,544
2024-10-26 10:30:30,SA-37/TEMPERATURE,28.91698
2024-10-26 10:30:31,SA-37/TEMPERATURE,28.44883
2024-10-26 10:30:33,SA-37/LINE_LEVEL,560
2024-10-26 10:30:35,SA-37/TEMPERATURE,28.91698
2024-10-26 10:30:37,SA-37/TEMPERATURE,28.44883
2024-10-26 10:30:39,SA-37/LINE_LEVEL,544
2024-10-26 10:30:41,SA-37/TEMPERATURE,28.91698
2024-10-26 10:30:41,SA-37/LINE_LEVEL,560
2024-10-26 10:30:43,SA-37/LINE_LEVEL,544
2024-10-26 10:30:48,SA-37/LINE_LEVEL,560
2024-10-26 10:30:50,SA-37/LINE_LEVEL,544
2024-10-26 10:30:55,SA-37/LINE_LEVEL,576
2024-10-26 10:30:57,SA-37/LINE_LEVEL,544
2024-10-26 10:31:10,SA-37/LINE_LEVEL,560
2024-10-26 10:31:17,SA-37/TEMPERATURE,28.44883
2024-10-26 10:31:19,SA-37/TEMPERATURE,28.91698
2024-10-26 10:31:21,SA-37/LINE_LEVEL,544
2024-10-26 10:31:23,SA-37/TEMPERATURE,28.44883
2024-10-26 10:31:23,SA-37/LINE_LEVEL,560
2024-10-26 10:31:25,SA-37/TEMPERATURE,28.91698
2024-10-26 10:31:25,SA-37/LINE_LEVEL,576
2024-10-26 10:31:27,SA-37/TEMPERATURE,28.44883
2024-10-26 10:31:27,SA-37/LINE_LEVEL,544
2024-10-26 10:31:33,SA-37/LINE_LEVEL,560
2024-10-26 10:31:35,SA-37/LINE_LEVEL,544
2024-10-26 10:31:37,SA-37/LINE_LEVEL,560
2024-10-26 10:31:39,SA-37/TEMPERATURE,28.91698
2024-10-26 10:31:39,SA-37/LINE_LEVEL,544
2024-10-26 10:31:41,SA-37/TEMPERATURE,28.44883
2024-10-26 10:31:41,SA-37/LINE_LEVEL,576
2024-10-26 10:31:43,SA-37/LINE_LEVEL,544
2024-10-26 10:31:49,SA-37/LINE_LEVEL,560
2024-10-26 10:31:57,SA-37/TEMPERATURE,27.98069
2024-10-26 10:31:57,SA-37/LINE_LEVEL,544
2024-10-26 10:31:59,SA-37/TEMPERATURE,28.44883
2024-10-26 10:31:59,SA-37/LINE_LEVEL,560
2024-10-26 10:32:05,SA-37/TEMPERATURE,27.98069
2024-10-26 10:32:07,SA-37/TEMPERATURE,28.44883
2024-10-26 10:32:11,SA-37/LINE_LEVEL,544
2024-10-26 10:32:13,SA-37/TEMPERATURE,27.98069
2024-10-26 10:32:13,SA-37/LINE_LEVEL,560
2024-10-26 10:32:17,SA-37/TEMPERATURE,28.44883
2024-10-26 10:32:19,SA-37/LINE_LEVEL,544
2024-10-26 10:32:21,SA-37/LINE_LEVEL,560
2024-10-26 10:32:23,SA-37/TEMPERATURE,27.98069
2024-10-26 10:32:27,SA-37/LINE_LEVEL,544
2024-10-26 10:32:30,SA-37/LINE_LEVEL,560
2024-10-26 10:32:31,SA-37/TEMPERATURE,28.44883
2024-10-26 10:32:31,SA-37/LINE_LEVEL,544
2024-10-26 10:32:33,SA-37/TEMPERATURE,27.98069
2024-10-26 10:32:33,SA-37/LINE_LEVEL,560
2024-10-26 10:32:35,SA-37/LINE_LEVEL,544
2024-10-26 10:32:39,SA-37/TEMPERATURE,28.44883
2024-10-26 10:32:39,SA-37/LINE_LEVEL,560
2024-10-26 10:32:41,SA-37/TEMPERATURE,27.98069
2024-10-26 10:32:53,SA-37/LINE_LEVEL,544
2024-10-26 10:32:55,SA-37/LINE_LEVEL,560
2024-10-26 10:32:57,SA-37/TEMPERATURE,27.51254
2024-10-26 10:32:59,SA-37/TEMPERATURE,27.98069
2024-10-26 10:32:59,SA-37/LINE_LEVEL,576
2024-10-26 10:33:01,SA-37/TEMPERATURE,27.51254
2024-10-26 10:33:01,SA-37/LINE_LEVEL,560
2024-10-26 10:33:03,SA-37/TEMPERATURE,27.98069
2024-10-26 10:33:05,SA-37/TEMPERATURE,27.51254
2024-10-26 10:33:05,SA-37/LINE_LEVEL,544
2024-10-26 10:33:07,SA-37/TEMPERATURE,27.98069
2024-10-26 10:33:07,SA-37/LINE_LEVEL,560
2024-10-26 10:33:11,SA-37/LINE_LEVEL,576
2024-10-26 10:33:13,SA-37/TEMPERATURE,27.51254
2024-10-26 10:33:13,SA-37/LINE_LEVEL,560
2024-10-26 10:33:15,SA-37/TEMPERATURE,27.98069
2024-10-26 10:33:17,SA-37/TEMPERATURE,27.51254
2024-10-26 10:33:17,SA-37/LINE_LEVEL,576
2024-10-26 10:33:19,SA-37/TEMPERATURE,27.98069
2024-10-26 10:33:19,SA-37/LINE_LEVEL,560
2024-10-26 10:33:21,SA-37/TEMPERATURE,27.51254
2024-10-26 10:33:27,SA-37/LINE_LEVEL,544
2024-10-26 10:33:29,SA-37/LINE_LEVEL,560
2024-10-26 10:33:31,SA-37/TEMPERATURE,27.98069
2024-10-26 10:33:33,SA-37/LINE_LEVEL,544
2024-10-26 10:33:37,SA-37/TEMPERATURE,27.51254
2024-10-26 10:33:39,SA-37/TEMPERATURE,27.98069
2024-10-26 10:33:41,SA-37/LINE_LEVEL,560
2024-10-26 10:33:43,SA-37/TEMPERATURE,27.51254
2024-10-26 10:33:49,SA-37/LINE_LEVEL,544
2024-10-26 10:33:53,SA-37/TEMPERATURE,27.98069
2024-10-26 10:33:53,SA-37/LINE_LEVEL,560
2024-10-26 10:33:55,SA-37/TEMPERATURE,27.51254
2024-10-26 10:33:57,SA-37/TEMPERATURE,27.98069
2024-10-26 10:33:57,SA-37/LINE_LEVEL,544
2024-10-26 10:33:59,SA-37/TEMPERATURE,27.51254
2024-10-26 10:34:03,SA-37/TEMPERATURE,27.98069
2024-10-26 10:34:07,SA-37/TEMPERATURE,27.51254
2024-10-26 10:34:07,SA-37/LINE_LEVEL,560
2024-10-26 10:34:21,SA-37/LINE_LEVEL,544
2024-10-26 10:34:23,SA-37/TEMPERATURE,27.98069
2024-10-26 10:34:23,SA-37/LINE_LEVEL,560
2024-10-26 10:34:29,SA-37/TEMPERATURE,27.51254
2024-10-26 10:34:29,SA-37/LINE_LEVEL,544
2024-10-26 10:34:33,SA-37/LINE_LEVEL,560
2024-10-26 10:34:35,SA-37/TEMPERATURE,27.98069
2024-10-26 10:34:35,SA-37/LINE_LEVEL,544
2024-10-26 10:34:37,SA-37/TEMPERATURE,27.51254
2024-10-26 10:34:39,SA-37/LINE_LEVEL,560
2024-10-26 10:34:41,SA-37/LINE_LEVEL,544
2024-10-26 10:34:43,SA-37/LINE_LEVEL,560
2024-10-26 10:34:47,SA-37/LINE_LEVEL,544
2024-10-26 10:34:51,SA-37/LINE_LEVEL,560
2024-10-26 10:34:53,SA-37/LINE_LEVEL,544
2024-10-26 10:34:55,SA-37/LINE_LEVEL,560
2024-10-26 10:34:59,SA-37/TEMPERATURE,27.98069
2024-10-26 10:34:59,SA-37/LINE_LEVEL,576
2024-10-26 10:35:01,SA-37/TEMPERATURE,27.51254
2024-10-26 10:35:01,SA-37/LINE_LEVEL,560
2024-10-26 10:35:03,SA-37/TEMPERATURE,27.98069
2024-10-26 10:35:07,SA-37/LINE_LEVEL,544
2024-10-26 10:35:09,SA-37/TEMPERATURE,27.51254
2024-10-26 10:35:09,SA-37/LINE_LEVEL,560
2024-10-26 10:35:12,SA-37/TEMPERATURE,27.98069
2024-10-26 10:35:12,SA-37/LINE_LEVEL,576
2024-10-26 10:35:15,SA-37/LINE_LEVEL,560
2024-10-26 10:35:22,SA-37/LINE_LEVEL,544
2024-10-26 10:35:23,SA-37/LINE_LEVEL,560
2024-10-26 10:35:27,SA-37/LINE_LEVEL,544
2024-10-26 10:35:27,SA-37/LINE_LEVEL,560
2024-10-26 10:35:31,SA-37/LINE_LEVEL,544
2024-10-26 10:35:33,SA-37/LINE_LEVEL,560
2024-10-26 10:35:35,SA-37/LINE_LEVEL,544
2024-10-26 10:35:39,SA-37/LINE_LEVEL,560
2024-10-26 10:35:41,SA-37/LINE_LEVEL,544
2024-10-26 10:35:43,SA-37/LINE_LEVEL,560
2024-10-26 10:35:45,SA-37/LINE_LEVEL,544
2024-10-26 10:35:47,SA-37/LINE_LEVEL,560
2024-10-26 10:35:49,SA-37/LINE_LEVEL,544
2024-10-26 10:35:51,SA-37/LINE_LEVEL,560
2024-10-26 10:35:55,SA-37/LINE_LEVEL,576
2024-10-26 10:35:57,SA-37/TEMPERATURE,28.44883
2024-10-26 10:35:57,SA-37/LINE_LEVEL,560
2024-10-26 10:35:59,SA-37/LINE_LEVEL,544
2024-10-26 10:36:01,SA-37/LINE_LEVEL,560
2024-10-26 10:36:03,SA-37/TEMPERATURE,27.98069
2024-10-26 10:36:07,SA-37/LINE_LEVEL,576
2024-10-26 10:36:09,SA-37/TEMPERATURE,28.44883
2024-10-26 10:36:09,SA-37/LINE_LEVEL,560
2024-10-26 10:36:17,SA-37/LINE_LEVEL,576
2024-10-26 10:36:19,SA-37/LINE_LEVEL,544
2024-10-26 10:36:21,SA-37/LINE_LEVEL,560
2024-10-26 10:36:23,SA-37/LINE_LEVEL,544
2024-10-26 10:36:25,SA-37/LINE_LEVEL,560
2024-10-26 10:36:27,SA-37/LINE_LEVEL,544
2024-10-26 10:36:35,SA-37/LINE_LEVEL,560
2024-10-26 10:36:41,SA-37/LINE_LEVEL,576
2024-10-26 10:36:43,SA-37/LINE_LEVEL,560
2024-10-26 10:36:46,SA-37/LINE_LEVEL,544
2024-10-26 10:36:47,SA-37/LINE_LEVEL,560
2024-10-26 10:36:49,SA-37/LINE_LEVEL,544
2024-10-26 10:36:53,SA-37/LINE_LEVEL,560
2024-10-26 10:36:55,SA-37/LINE_LEVEL,544
2024-10-26 10:36:57,SA-37/LINE_LEVEL,560
2024-10-26 10:36:59,SA-37/LINE_LEVEL,544
2024-10-26 10:37:01,SA-37/LINE_LEVEL,560
2024-10-26 10:37:03,SA-37/LINE_LEVEL,576
2024-10-26 10:37:05,SA-37/LINE_LEVEL,560
2024-10-26 10:37:07,SA-37/TEMPERATURE,28.91698
2024-10-26 10:37:11,SA-37/TEMPERATURE,28.44883
2024-10-26 10:37:11,SA-37/LINE_LEVEL,544
2024-10-26 10:37:15,SA-37/TEMPERATURE,28.91698
2024-10-26 10:37:15,SA-37/LINE_LEVEL,560
2024-10-26 10:37:18,SA-37/TEMPERATURE,28.44883
2024-10-26 10:37:18,SA-37/LINE_LEVEL,576
2024-10-26 10:37:19,SA-37/TEMPERATURE,28.91698
2024-10-26 10:37:19,SA-37/LINE_LEVEL,544
2024-10-26 10:37:21,SA-37/TEMPERATURE,28.44883
2024-10-26 10:37:23,SA-37/LINE_LEVEL,576
2024-10-26 10:37:26,SA-37/TEMPERATURE,28.91698
2024-10-26 10:37:26,SA-37/LINE_LEVEL,560
2024-10-26 10:37:27,SA-37/LINE_LEVEL,544
2024-10-26 10:37:31,SA-37/TEMPERATURE,28.44883
2024-10-26 10:37:35,SA-37/LINE_LEVEL,560
2024-10-26 10:37:41,SA-37/LINE_LEVEL,544
2024-10-26 10:37:45,SA-37/TEMPERATURE,28.91698
2024-10-26 10:37:47,SA-37/TEMPERATURE,28.44883
2024-10-26 10:37:51,SA-37/LINE_LEVEL,560
2024-10-26 10:37:57,SA-37/LINE_LEVEL,544
2024-10-26 10:37:59,SA-37/LINE_LEVEL,576
2024-10-26 10:38:01,SA-37/TEMPERATURE,28.91698
2024-10-26 10:38:01,SA-37/LINE_LEVEL,544
2024-10-26 10:38:03,SA-37/LINE_LEVEL,560
2024-10-26 10:38:05,SA-37/TEMPERATURE,28.44883
2024-10-26 10:38:05,SA-37/LINE_LEVEL,544
2024-10-26 10:38:09,SA-37/TEMPERATURE,28.91698
2024-10-26 10:38:09,SA-37/LINE_LEVEL,560
2024-10-26 10:38:09,SA-37/TEMPERATURE,28.44883
2024-10-26 10:38:11,SA-37/TEMPERATURE,28.91698
2024-10-26 10:38:11,SA-37/LINE_LEVEL,544
2024-10-26 10:38:13,SA-37/TEMPERATURE,28.44883
2024-10-26 10:38:13,SA-37/LINE_LEVEL,560
2024-10-26 10:38:17,SA-37/TEMPERATURE,28.91698
2024-10-26 10:38:19,SA-37/TEMPERATURE,28.44883
2024-10-26 10:38:21,SA-37/TEMPERATURE,28.91698
2024-10-26 10:38:23,SA-37/TEMPERATURE,28.44883
2024-10-26 10:38:23,SA-37/LINE_LEVEL,544
2024-10-26 10:38:25,SA-37/TEMPERATURE,28.91698
2024-10-26 10:38:25,SA-37/LINE_LEVEL,560
2024-10-26 10:38:35,SA-37/TEMPERATURE,28.44883
2024-10-26 10:38:35,SA-37/LINE_LEVEL,544
2024-10-26 10:38:37,SA-37/LINE_LEVEL,560
2024-10-26 10:38:39,SA-37/TEMPERATURE,28.91698
2024-10-26 10:38:41,SA-37/TEMPERATURE,28.44883
2024-10-26 10:38:43,SA-37/LINE_LEVEL,576
2024-10-26 10:38:45,SA-37/TEMPERATURE,28.91698
2024-10-26 10:38:45,SA-37/LINE_LEVEL,560
2024-10-26 10:38:51,SA-37/TEMPERATURE,28.44883
2024-10-26 10:38:53,SA-37/TEMPERATURE,28.91698
2024-10-26 10:38:53,SA-37/LINE_LEVEL,544
2024-10-26 10:38:55,SA-37/TEMPERATURE,28.44883
2024-10-26 10:38:55,SA-37/LINE_LEVEL,576
2024-10-26 10:38:57,SA-37/TEMPERATURE,28.91698
2024-10-26 10:38:57,SA-37/LINE_LEVEL,544
2024-10-26 10:38:59,SA-37/LINE_LEVEL,560
2024-10-26 10:39:09,SA-37/LINE_LEVEL,544
2024-10-26 10:39:11,SA-37/LINE_LEVEL,560
2024-10-26 10:39:14,SA-37/LINE_LEVEL,544
2024-10-26 10:39:17,SA-37/LINE_LEVEL,560
2024-10-26 10:39:19,SA-37/LINE_LEVEL,544
2024-10-26 10:39:23,SA-37/LINE_LEVEL,576
2024-10-26 10:39:25,SA-37/LINE_LEVEL,560
2024-10-26 10:39:29,SA-37/LINE_LEVEL,544
2024-10-26 10:39:31,SA-37/LINE_LEVEL,560
2024-10-26 10:39:37,SA-37/LINE_LEVEL,544
2024-10-26 10:39:41,SA-37/LINE_LEVEL,560
2024-10-26 10:39:43,SA-37/TEMPERATURE,28.44883
2024-10-26 10:39:45,SA-37/TEMPERATURE,28.91698
2024-10-26 10:39:55,SA-37/LINE_LEVEL,544
2024-10-26 10:39:57,SA-37/LINE_LEVEL,560
2024-10-26 10:40:01,SA-37/LINE_LEVEL,544
2024-10-26 10:40:03,SA-37/LINE_LEVEL,560
2024-10-26 10:40:05,SA-37/LINE_LEVEL,544
2024-10-26 10:40:07,SA-37/LINE_LEVEL,560
2024-10-26 10:40:11,SA-37/LINE_LEVEL,576
2024-10-26 10:40:13,SA-37/LINE_LEVEL,544
2024-10-26 10:40:15,SA-37/LINE_LEVEL,560
2024-10-26 10:40:18,SA-37/TEMPERATURE,29.38512
2024-10-26 10:40:19,SA-37/TEMPERATURE,28.91698
2024-10-26 10:40:25,SA-37/LINE_LEVEL,576
2024-10-26 10:40:27,SA-37/LINE_LEVEL,560
2024-10-26 10:40:29,SA-37/LINE_LEVEL,576
2024-10-26 10:40:31,SA-37/LINE_LEVEL,560
2024-10-26 10:40:37,SA-37/LINE_LEVEL,544
2024-10-26 10:40:39,SA-37/LINE_LEVEL,560
2024-10-26 10:40:43,SA-37/LINE_LEVEL,544
2024-10-26 10:40:45,SA-37/TEMPERATURE,29.38512
2024-10-26 10:40:45,SA-37/LINE_LEVEL,560
2024-10-26 10:40:48,SA-37/TEMPERATURE,28.91698
2024-10-26 10:40:51,SA-37/LINE_LEVEL,544
2024-10-26 10:40:53,SA-37/LINE_LEVEL,560
2024-10-26 10:40:55,SA-37/LINE_LEVEL,544
2024-10-26 10:41:01,SA-37/TEMPERATURE,28.44883
2024-10-26 10:41:01,SA-37/LINE_LEVEL,560
2024-10-26 10:41:03,SA-37/TEMPERATURE,28.91698
2024-10-26 10:41:03,SA-37/LINE_LEVEL,576
2024-10-26 10:41:06,SA-37/LINE_LEVEL,560
2024-10-26 10:41:07,SA-37/LINE_LEVEL,544
2024-10-26 10:41:09,SA-37/TEMPERATURE,28.44883
2024-10-26 10:41:09,SA-37/LINE_LEVEL,576
2024-10-26 10:41:11,SA-37/TEMPERATURE,28.91698
2024-10-26 10:41:11,SA-37/LINE_LEVEL,560
2024-10-26 10:41:15,SA-37/TEMPERATURE,28.44883
2024-10-26 10:41:17,SA-37/TEMPERATURE,28.91698
2024-10-26 10:41:17,SA-37/LINE_LEVEL,576
2024-10-26 10:41:19,SA-37/TEMPERATURE,28.44883
2024-10-26 10:41:19,SA-37/LINE_LEVEL,560
2024-10-26 10:41:26,SA-37/LINE_LEVEL,544
2024-10-26 10:41:27,SA-37/LINE_LEVEL,560
2024-10-26 10:41:29,SA-37/LINE_LEVEL,576
2024-10-26 10:41:31,SA-37/LINE_LEVEL,544
2024-10-26 10:41:33,SA-37/TEMPERATURE,28.91698
2024-10-26 10:41:33,SA-37/LINE_LEVEL,560
2024-10-26 10:41:36,SA-37/TEMPERATURE,28.44883
2024-10-26 10:41:36,SA-37/LINE_LEVEL,544
2024-10-26 10:41:37,SA-37/LINE_LEVEL,576
2024-10-26 10:41:39,SA-37/LINE_LEVEL,560
2024-10-26 10:41:45,SA-37/LINE_LEVEL,544
2024-10-26 10:41:47,SA-37/LINE_LEVEL,560
2024-10-26 10:41:49,SA-37/LINE_LEVEL,544
2024-10-26 10:41:53,SA-37/TEMPERATURE,27.98069
2024-10-26 10:41:55,SA-37/LINE_LEVEL,560
2024-10-26 10:41:57,SA-37/TEMPERATURE,28.44883
2024-10-26 10:41:57,SA-37/LINE_LEVEL,544
2024-10-26 10:41:59,SA-37/TEMPERATURE,27.98069
2024-10-26 10:41:59,SA-37/LINE_LEVEL,560
2024-10-26 10:42:02,SA-37/TEMPERATURE,28.44883
2024-10-26 10:42:05,SA-37/LINE_LEVEL,544
2024-10-26 10:42:11,SA-37/LINE_LEVEL,560
2024-10-26 10:42:13,SA-37/LINE_LEVEL,576
2024-10-26 10:42:15,SA-37/LINE_LEVEL,560
2024-10-26 10:42:17,SA-37/LINE_LEVEL,544
2024-10-26 10:42:25,SA-37/TEMPERATURE,27.98069
2024-10-26 10:42:26,SA-37/LINE_LEVEL,560
2024-10-26 10:42:27,SA-37/LINE_LEVEL,544
2024-10-26 10:42:30,SA-37/LINE_LEVEL,560
2024-10-26 10:42:33,SA-37/LINE_LEVEL,576
2024-10-26 10:42:35,SA-37/LINE_LEVEL,560
2024-10-26 10:42:39,SA-37/LINE_LEVEL,576
2024-10-26 10:42:43,SA-37/LINE_LEVEL,560
2024-10-26 10:42:45,SA-37/LINE_LEVEL,544
2024-10-26 10:42:47,SA-37/LINE_LEVEL,560
2024-10-26 10:42:55,SA-37/LINE_LEVEL,544
2024-10-26 10:42:57,SA-37/TEMPERATURE,27.51254
2024-10-26 10:42:57,SA-37/LINE_LEVEL,560
2024-10-26 10:42:59,SA-37/TEMPERATURE,27.98069
2024-10-26 10:42:59,SA-37/LINE_LEVEL,544
2024-10-26 10:43:01,SA-37/LINE_LEVEL,576
2024-10-26 10:43:03,SA-37/LINE_LEVEL,544
2024-10-26 10:43:05,SA-37/LINE_LEVEL,576
2024-10-26 10:43:07,SA-37/LINE_LEVEL,544
2024-10-26 10:43:09,SA-37/TEMPERATURE,27.51254
2024-10-26 10:43:09,SA-37/LINE_LEVEL,560
2024-10-26 10:43:13,SA-37/TEMPERATURE,27.98069
2024-10-26 10:43:15,SA-37/TEMPERATURE,27.51254
2024-10-26 10:43:21,SA-37/TEMPERATURE,27.98069
2024-10-26 10:43:23,SA-37/TEMPERATURE,27.51254
2024-10-26 10:43:23,SA-37/LINE_LEVEL,544
2024-10-26 10:43:26,SA-37/TEMPERATURE,27.98069
2024-10-26 10:43:29,SA-37/TEMPERATURE,27.51254
2024-10-26 10:43:31,SA-37/TEMPERATURE,27.98069
2024-10-26 10:43:31,SA-37/LINE_LEVEL,560
2024-10-26 10:43:33,SA-37/TEMPERATURE,27.51254
2024-10-26 10:43:33,SA-37/LINE_LEVEL,544
2024-10-26 10:43:35,SA-37/TEMPERATURE,27.98069
2024-10-26 10:43:35,SA-37/LINE_LEVEL,560
2024-10-26 10:43:37,SA-37/TEMPERATURE,27.51254
2024-10-26 10:43:37,SA-37/LINE_LEVEL,544
2024-10-26 10:43:39,SA-37/LINE_LEVEL,560
2024-10-26 10:43:41,SA-37/TEMPERATURE,27.98069
2024-10-26 10:43:41,SA-37/LINE_LEVEL,544
2024-10-26 10:43:43,SA-37/LINE_LEVEL,560
2024-10-26 10:43:49,SA-37/TEMPERATURE,27.51254
2024-10-26 10:43:49,SA-37/LINE_LEVEL,544
2024-10-26 10:43:51,SA-37/LINE_LEVEL,576
2024-10-26 10:43:53,SA-37/TEMPERATURE,27.98069
2024-10-26 10:43:53,SA-37/LINE_LEVEL,544
2024-10-26 10:43:55,SA-37/TEMPERATURE,27.51254
2024-10-26 10:43:59,SA-37/LINE_LEVEL,560
2024-10-26 10:44:13,SA-37/LINE_LEVEL,544
2024-10-26 10:44:17,SA-37/LINE_LEVEL,560
2024-10-26 10:44:21,SA-37/TEMPERATURE,27.0444
2024-10-26 10:44:23,SA-37/TEMPERATURE,27.51254
2024-10-26 10:44:27,SA-37/TEMPERATURE,27.0444
2024-10-26 10:44:31,SA-37/TEMPERATURE,27.51254
2024-10-26 10:44:31,SA-37/LINE_LEVEL,576
2024-10-26 10:44:33,SA-37/LINE_LEVEL,560
2024-10-26 10:44:39,SA-37/LINE_LEVEL,544
2024-10-26 10:44:42,SA-37/LINE_LEVEL,560
2024-10-26 10:44:43,SA-37/LINE_LEVEL,544
2024-10-26 10:44:47,SA-37/LINE_LEVEL,560
2024-10-26 10:44:49,SA-37/LINE_LEVEL,576
2024-10-26 10:44:51,SA-37/TEMPERATURE,27.98069
2024-10-26 10:44:51,SA-37/LINE_LEVEL,544
2024-10-26 10:44:54,SA-37/LINE_LEVEL,560
2024-10-26 10:44:57,SA-37/LINE_LEVEL,576
2024-10-26 10:45:01,SA-37/LINE_LEVEL,560
2024-10-26 10:45:07,SA-37/TEMPERATURE,27.51254
2024-10-26 10:45:09,SA-37/TEMPERATURE,27.98069
2024-10-26 10:45:15,SA-37/LINE_LEVEL,576
2024-10-26 10:45:17,SA-37/TEMPERATURE,27.51254
2024-10-26 10:45:17,SA-37/LINE_LEVEL,544
2024-10-26 10:45:19,SA-37/TEMPERATURE,27.98069
2024-10-26 10:45:19,SA-37/LINE_LEVEL,560
2024-10-26 10:45:29,SA-37/LINE_LEVEL,544
2024-10-26 10:45:33,SA-37/LINE_LEVEL,576
2024-10-26 10:45:35,SA-37/LINE_LEVEL,560
2024-10-26 10:45:39,SA-37/TEMPERATURE,28.44883
2024-10-26 10:45:39,SA-37/LINE_LEVEL,544
2024-10-26 10:45:41,SA-37/TEMPERATURE,27.98069
2024-10-26 10:45:43,SA-37/LINE_LEVEL,560
2024-10-26 10:45:45,SA-37/TEMPERATURE,28.44883
2024-10-26 10:45:49,SA-37/TEMPERATURE,27.98069
2024-10-26 10:45:51,SA-37/TEMPERATURE,28.44883
2024-10-26 10:45:53,SA-37/TEMPERATURE,27.98069
2024-10-26 10:45:57,SA-37/TEMPERATURE,28.44883
2024-10-26 10:45:57,SA-37/LINE_LEVEL,544
2024-10-26 10:45:59,SA-37/TEMPERATURE,27.98069
2024-10-26 10:45:59,SA-37/LINE_LEVEL,560
2024-10-26 10:46:01,SA-37/TEMPERATURE,28.44883
2024-10-26 10:46:03,SA-37/LINE_LEVEL,576
2024-10-26 10:46:05,SA-37/LINE_LEVEL,544
2024-10-26 10:46:07,SA-37/LINE_LEVEL,560
2024-10-26 10:46:13,SA-37/LINE_LEVEL,544
2024-10-26 10:46:13,SA-37/LINE_LEVEL,560
2024-10-26 10:46:15,SA-37/LINE_LEVEL,544
2024-10-26 10:46:17,SA-37/LINE_LEVEL,560
2024-10-26 10:46:19,SA-37/LINE_LEVEL,544
2024-10-26 10:46:21,SA-37/LINE_LEVEL,560
2024-10-26 10:46:25,SA-37/LINE_LEVEL,544
2024-10-26 10:46:33,SA-37/LINE_LEVEL,560
2024-10-26 10:46:39,SA-37/LINE_LEVEL,544
2024-10-26 10:46:41,SA-37/LINE_LEVEL,560
2024-10-26 10:46:47,SA-37/LINE_LEVEL,544
2024-10-26 10:46:49,SA-37/LINE_LEVEL,560
2024-10-26 10:46:51,SA-37/LINE_LEVEL,576
2024-10-26 10:46:53,SA-37/LINE_LEVEL,560
2024-10-26 10:46:57,SA-37/LINE_LEVEL,544
2024-10-26 10:47:01,SA-37/LINE_LEVEL,560
2024-10-26 10:47:05,SA-37/LINE_LEVEL,544
2024-10-26 10:47:07,SA-37/LINE_LEVEL,560
2024-10-26 10:47:13,SA-37/LINE_LEVEL,544
2024-10-26 10:47:15,SA-37/TEMPERATURE,28.91698
2024-10-26 10:47:17,SA-37/TEMPERATURE,28.44883
2024-10-26 10:47:19,SA-37/LINE_LEVEL,560
2024-10-26 10:47:23,SA-37/LINE_LEVEL,544
2024-10-26 10:47:25,SA-37/LINE_LEVEL,560
2024-10-26 10:47:29,SA-37/TEMPERATURE,28.91698
2024-10-26 10:47:31,SA-37/TEMPERATURE,28.44883
2024-10-26 10:47:31,SA-37/LINE_LEVEL,576
2024-10-26 10:47:33,SA-37/LINE_LEVEL,560
2024-10-26 10:48:07,SA-37/TEMPERATURE,28.92
2024-10-26 10:48:07,SA-37/LINE_LEVEL,0
2024-10-26 10:48:09,SA-37/TEMPERATURE,28.45
2024-10-26 10:48:11,SA-37/TEMPERATURE,28.92
2024-10-26 10:48:13,SA-37/TEMPERATURE,28.45
2024-10-26 10:48:15,SA-37/TEMPERATURE,28.92
2024-10-26 10:48:17,SA-37/TEMPERATURE,28.45
2024-10-26 10:48:21,SA-37/TEMPERATURE,28.92
2024-10-26 10:48:23,SA-37/TEMPERATURE,28.45
2024-10-26 10:48:25,SA-37/TEMPERATURE,28.92
2024-10-26 10:48:27,SA-37/TEMPERATURE,28.45
2024-10-26 10:48:29,SA-37/TEMPERATURE,28.92
2024-10-26 10:48:31,SA-37/TEMPERATURE,28.45
2024-10-26 10:48:39,SA-37/TEMPERATURE,28.92
2024-10-26 10:48:41,SA-37/TEMPERATURE,28.45
2024-10-26 10:48:43,SA-37/TEMPERATURE,28.92
2024-10-26 10:48:55,SA-37/TEMPERATURE,28.45
2024-10-26 10:48:57,SA-37/TEMPERATURE,28.92
2024-10-26 10:49:47,SA-37/TEMPERATURE,28.45
2024-10-26 10:49:51,SA-37/TEMPERATURE,28.92
2024-10-26 10:49:55,SA-37/TEMPERATURE,28.45
2024-10-26 10:50:01,SA-37/TEMPERATURE,28.92
2024-10-26 10:50:03,SA-37/TEMPERATURE,28.45
2024-10-26 10:50:05,SA-37/TEMPERATURE,28.92
2024-10-26 10:50:07,SA-37/TEMPERATURE,28.45
2024-10-26 10:50:21,SA-37/TEMPERATURE,27.98
2024-10-26 10:50:23,SA-37/TEMPERATURE,28.45
2024-10-26 10:50:39,SA-37/TEMPERATURE,27.98
2024-10-26 10:50:41,SA-37/TEMPERATURE,28.45
2024-10-26 10:50:55,SA-37/TEMPERATURE,27.98
2024-10-26 10:50:57,SA-37/TEMPERATURE,28.45
2024-10-26 10:51:01,SA-37/TEMPERATURE,27.98
2024-10-26 10:51:17,SA-37/TEMPERATURE,28.45
2024-10-26 10:51:19,SA-37/TEMPERATURE,27.98
2024-10-26 10:51:45,SA-37/TEMPERATURE,27.51
2024-10-26 10:51:49,SA-37/TEMPERATURE,27.98
2024-10-26 10:51:53,SA-37/TEMPERATURE,27.51
2024-10-26 10:51:53,SA-37/TEMPERATURE,27.98
2024-10-26 10:51:55,SA-37/TEMPERATURE,27.51
2024-10-26 10:52:05,SA-37/TEMPERATURE,27.98
2024-10-26 10:52:09,SA-37/TEMPERATURE,27.51
2024-10-26 10:52:11,SA-37/TEMPERATURE,27.98
2024-10-26 10:52:19,SA-37/TEMPERATURE,27.51
2024-10-26 10:52:23,SA-37/TEMPERATURE,27.98
2024-10-26 10:52:25,SA-37/TEMPERATURE,27.51
2024-10-26 10:52:27,SA-37/TEMPERATURE,27.98
2024-10-26 10:52:29,SA-37/TEMPERATURE,27.51
2024-10-26 10:52:31,SA-37/TEMPERATURE,27.98
2024-10-26 10:52:39,SA-37/TEMPERATURE,27.51
2024-10-26 10:53:17,SA-37/TEMPERATURE,27.98
2024-10-26 10:53:19,SA-37/TEMPERATURE,27.51
2024-10-26 10:54:17,SA-37/TEMPERATURE,27.98
2024-10-26 10:54:59,SA-37/TEMPERATURE,28.45
2024-10-26 10:55:01,SA-37/TEMPERATURE,27.98
2024-10-26 10:55:09,SA-37/TEMPERATURE,28.45
2024-10-26 10:55:11,SA-37/TEMPERATURE,27.98
2024-10-26 10:55:19,SA-37/TEMPERATURE,28.45
2024-10-26 10:55:49,SA-37/TEMPERATURE,27.98
2024-10-26 10:55:51,SA-37/TEMPERATURE,28.45
2024-10-26 10:56:25,SA-37/TEMPERATURE,27.98
2024-10-26 10:56:27,SA-37/TEMPERATURE,28.45
2024-10-26 10:57:21,SA-37/TEMPERATURE,28.92
2024-10-26 10:57:23,SA-37/TEMPERATURE,28.45
2024-10-26 10:57:31,SA-37/TEMPERATURE,27.98
2024-10-26 10:57:33,SA-37/TEMPERATURE,28.45
2024-10-26 10:57:45,SA-37/TEMPERATURE,28.92
2024-10-26 10:57:49,SA-37/TEMPERATURE,28.45
2024-10-26 10:58:00,SA-37/TEMPERATURE,28.92
2024-10-26 10:58:09,SA-37/TEMPERATURE,28.45
2024-10-26 10:58:11,SA-37/TEMPERATURE,28.92
2024-10-26 10:58:21,SA-37/TEMPERATURE,28.45
2024-10-26 10:58:23,SA-37/TEMPERATURE,28.92
2024-10-26 10:58:29,SA-37/TEMPERATURE,28.45
2024-10-26 10:58:31,SA-37/TEMPERATURE,28.92
2024-10-26 10:58:35,SA-37/TEMPERATURE,28.45
2024-10-26 10:58:37,SA-37/TEMPERATURE,28.92
2024-10-26 10:58:39,SA-37/TEMPERATURE,28.45
2024-10-26 10:58:42,SA-37/TEMPERATURE,28.92
2024-10-26 10:59:01,SA-37/TEMPERATURE,28.45
2024-10-26 10:59:03,SA-37/TEMPERATURE,28.92
2024-10-26 10:59:21,SA-37/TEMPERATURE,28.45
2024-10-26 10:59:23,SA-37/TEMPERATURE,28.92
2024-10-26 10:59:25,SA-37/TEMPERATURE,28.45
2024-10-26 11:00:23,SA-37/TEMPERATURE,27.98
2024-10-26 11:00:38,SA-37/TEMPERATURE,28.45
2024-10-26 11:00:38,SA-37/TEMPERATURE,27.98
2024-10-26 11:00:53,SA-37/LED_LEVEL,3
2024-10-26 11:00:54,SA-37/LED_LEVEL,4
2024-10-26 11:01:41,SA-37/TEMPERATURE,27.51
2024-10-26 11:01:43,SA-37/TEMPERATURE,27.98
2024-10-26 11:01:47,SA-37/TEMPERATURE,27.51
2024-10-26 11:01:49,SA-37/TEMPERATURE,27.98
2024-10-26 11:01:55,SA-37/TEMPERATURE,27.51
2024-10-26 11:01:59,SA-37/TEMPERATURE,27.98
2024-10-26 11:02:03,SA-37/TEMPERATURE,27.51
2024-10-26 11:02:35,SA-37/TEMPERATURE,27.98
2024-10-26 11:02:37,SA-37/TEMPERATURE,27.51
2024-10-26 11:02:51,SA-37/TEMPERATURE,27.98
2024-10-26 11:02:53,SA-37/TEMPERATURE,27.51
2024-10-26 11:03:26,SA-37/TEMPERATURE,27.04
2024-10-26 11:03:27,SA-37/TEMPERATURE,27.51
2024-10-26 11:03:35,SA-37/TEMPERATURE,27.04
2024-10-26 11:03:37,SA-37/TEMPERATURE,27.51
2024-10-26 11:03:41,SA-37/TEMPERATURE,27.04
2024-10-26 11:03:43,SA-37/TEMPERATURE,27.51
2024-10-26 11:03:53,SA-37/TEMPERATURE,27.04
2024-10-26 11:03:58,SA-37/TEMPERATURE,27.51
2024-10-26 11:04:21,SA-37/TEMPERATURE,27.04
2024-10-26 11:04:23,SA-37/TEMPERATURE,27.51
2024-10-26 11:04:47,SA-37/TEMPERATURE,27.98
2024-10-26 11:04:49,SA-37/TEMPERATURE,27.51
2024-10-26 11:04:57,SA-37/TEMPERATURE,27.98
2024-10-26 11:05:01,SA-37/TEMPERATURE,27.51
2024-10-26 11:05:03,SA-37/TEMPERATURE,27.98
2024-10-26 11:05:29,SA-37/TEMPERATURE,28.45
2024-10-26 11:05:30,SA-37/TEMPERATURE,27.98
2024-10-26 11:05:45,SA-37/TEMPERATURE,28.45
2024-10-26 11:05:47,SA-37/TEMPERATURE,27.98
2024-10-26 11:05:49,SA-37/TEMPERATURE,28.45
2024-10-26 11:05:52,SA-37/TEMPERATURE,27.98
2024-10-26 11:05:53,SA-37/TEMPERATURE,28.45
2024-10-26 11:05:57,SA-37/TEMPERATURE,27.98
2024-10-26 11:06:01,SA-37/TEMPERATURE,28.45
2024-10-26 11:06:04,SA-37/TEMPERATURE,27.98
2024-10-26 11:06:07,SA-37/TEMPERATURE,28.45
2024-10-26 11:06:13,SA-37/TEMPERATURE,27.98
2024-10-26 11:06:19,SA-37/TEMPERATURE,28.45
2024-10-26 11:06:21,SA-37/TEMPERATURE,27.98
2024-10-26 11:06:23,SA-37/TEMPERATURE,28.45
2024-10-26 11:06:25,SA-37/TEMPERATURE,27.98
2024-10-26 11:06:29,SA-37/TEMPERATURE,28.45
2024-10-26 11:07:08,SA-37/TEMPERATURE,27.98
2024-10-26 11:07:09,SA-37/TEMPERATURE,28.45
2024-10-26 11:07:17,SA-37/TEMPERATURE,28.92
2024-10-26 11:07:19,SA-37/TEMPERATURE,28.45
2024-10-26 11:07:39,SA-37/TEMPERATURE,28.92
2024-10-26 11:07:41,SA-37/TEMPERATURE,28.45
2024-10-26 11:07:51,SA-37/TEMPERATURE,28.92
2024-10-26 11:07:53,SA-37/TEMPERATURE,28.45
2024-10-26 11:07:59,SA-37/TEMPERATURE,28.92
2024-10-26 11:08:01,SA-37/TEMPERATURE,28.45
2024-10-26 11:08:03,SA-37/TEMPERATURE,28.92
2024-10-26 11:08:07,SA-37/TEMPERATURE,28.45
2024-10-26 11:08:11,SA-37/TEMPERATURE,28.92
2024-10-26 11:08:17,SA-37/TEMPERATURE,28.45
2024-10-26 11:08:19,SA-37/TEMPERATURE,28.92
2024-10-26 11:08:21,SA-37/TEMPERATURE,28.45
2024-10-26 11:08:27,SA-37/TEMPERATURE,28.92
2024-10-26 11:08:29,SA-37/TEMPERATURE,28.45
2024-10-26 11:08:31,SA-37/TEMPERATURE,28.92
2024-10-26 11:08:33,SA-37/TEMPERATURE,28.45
2024-10-26 11:08:35,SA-37/TEMPERATURE,28.92
2024-10-26 11:08:37,SA-37/TEMPERATURE,28.45
2024-10-26 11:08:42,SA-37/TEMPERATURE,28.92
2024-10-26 11:08:45,SA-37/TEMPERATURE,28.45
2024-10-26 11:08:51,SA-37/TEMPERATURE,28.92
2024-10-26 11:08:53,SA-37/TEMPERATURE,28.45
2024-10-26 11:08:55,SA-37/TEMPERATURE,28.92
2024-10-26 11:08:57,SA-37/TEMPERATURE,28.45
2024-10-26 11:09:05,SA-37/TEMPERATURE,28.92
2024-10-26 11:09:07,SA-37/TEMPERATURE,28.45
2024-10-26 11:09:09,SA-37/TEMPERATURE,28.92
2024-10-26 11:09:11,SA-37/TEMPERATURE,28.45
2024-10-26 11:09:49,SA-37/TEMPERATURE,27.98
2024-10-26 11:09:51,SA-37/TEMPERATURE,28.45
2024-10-26 11:09:55,SA-37/TEMPERATURE,27.98
2024-10-26 11:09:57,SA-37/TEMPERATURE,28.45
2024-10-26 11:10:07,SA-37/TEMPERATURE,27.98
2024-10-26 11:10:09,SA-37/TEMPERATURE,28.45
2024-10-26 11:10:13,SA-37/TEMPERATURE,27.98
2024-10-26 11:10:19,SA-37/TEMPERATURE,28.45
2024-10-26 11:10:21,SA-37/TEMPERATURE,27.98
2024-10-26 11:10:31,SA-37/TEMPERATURE,28.45
2024-10-26 11:10:33,SA-37/TEMPERATURE,27.98
2024-10-26 11:11:07,SA-37/TEMPERATURE,28.45
2024-10-26 11:11:09,SA-37/TEMPERATURE,27.98
2024-10-26 11:11:35,SA-37/TEMPERATURE,27.51
2024-10-26 11:11:37,SA-37/TEMPERATURE,27.98
2024-10-26 11:11:47,SA-37/TEMPERATURE,27.51
2024-10-26 11:11:49,SA-37/TEMPERATURE,27.98
2024-10-26 11:11:53,SA-37/TEMPERATURE,27.51
2024-10-26 11:11:55,SA-37/TEMPERATURE,27.98
2024-10-26 11:12:03,SA-37/TEMPERATURE,27.51
2024-10-26 11:12:09,SA-37/TEMPERATURE,27.98
2024-10-26 11:12:13,SA-37/TEMPERATURE,27.51
2024-10-26 11:12:23,SA-37/TEMPERATURE,27.98
2024-10-26 11:12:25,SA-37/TEMPERATURE,27.51
2024-10-26 11:12:27,SA-37/TEMPERATURE,27.98
2024-10-26 11:12:31,SA-37/TEMPERATURE,27.51
2024-10-26 11:12:39,SA-37/TEMPERATURE,27.98
2024-10-26 11:12:43,SA-37/TEMPERATURE,27.51
2024-10-26 11:13:29,SA-37/TEMPERATURE,27.98
2024-10-26 11:13:34,SA-37/TEMPERATURE,27.51
2024-10-26 11:13:47,SA-37/TEMPERATURE,27.98
2024-10-26 11:13:49,SA-37/TEMPERATURE,27.51
2024-10-26 11:13:53,SA-37/TEMPERATURE,27.98
2024-10-26 11:13:58,SA-37/TEMPERATURE,27.51
2024-10-26 11:14:01,SA-37/TEMPERATURE,27.98
2024-10-26 11:14:31,SA-37/TEMPERATURE,28.45
2024-10-26 11:14:33,SA-37/TEMPERATURE,27.98
2024-10-26 11:14:39,SA-37/TEMPERATURE,28.45
2024-10-26 11:14:41,SA-37/TEMPERATURE,27.98
2024-10-26 11:14:43,SA-37/TEMPERATURE,28.45
2024-10-26 11:14:53,SA-37/TEMPERATURE,27.98
2024-10-26 11:14:55,SA-37/TEMPERATURE,28.45
2024-10-26 11:15:13,SA-37/TEMPERATURE,27.98
2024-10-26 11:15:17,SA-37/TEMPERATURE,28.45
2024-10-26 11:15:31,SA-37/TEMPERATURE,27.98
2024-10-26 11:15:34,SA-37/TEMPERATURE,28.45
2024-10-26 11:15:45,SA-37/TEMPERATURE,28.92
2024-10-26 11:15:47,SA-37/TEMPERATURE,28.45
2024-10-26 11:16:21,SA-37/TEMPERATURE,28.92
2024-10-26 11:16:23,SA-37/TEMPERATURE,28.45
2024-10-26 11:16:31,SA-37/TEMPERATURE,28.92
2024-10-26 11:16:35,SA-37/TEMPERATURE,28.45
2024-10-26 11:16:37,SA-37/TEMPERATURE,28.92
2024-10-26 11:16:41,SA-37/TEMPERATURE,28.45
2024-10-26 11:16:43,SA-37/TEMPERATURE,28.92
2024-10-26 11:16:45,SA-37/TEMPERATURE,28.45
2024-10-26 11:16:47,SA-37/TEMPERATURE,28.92
2024-10-26 11:16:55,SA-37/TEMPERATURE,28.45
2024-10-26 11:16:57,SA-37/TEMPERATURE,28.92
2024-10-26 11:17:03,SA-37/TEMPERATURE,28.45
2024-10-26 11:17:05,SA-37/TEMPERATURE,28.92
2024-10-26 11:17:19,SA-37/TEMPERATURE,28.45
2024-10-26 11:17:21,SA-37/TEMPERATURE,28.92
2024-10-26 11:17:59,SA-37/TEMPERATURE,28.45
2024-10-26 11:18:01,SA-37/TEMPERATURE,28.92
2024-10-26 11:18:05,SA-37/TEMPERATURE,28.45
2024-10-26 11:18:10,SA-37/TEMPERATURE,28.92
2024-10-26 11:18:11,SA-37/TEMPERATURE,28.45
2024-10-26 11:18:13,SA-37/TEMPERATURE,28.92
2024-10-26 11:18:15,SA-37/TEMPERATURE,28.45
2024-10-26 11:18:17,SA-37/TEMPERATURE,28.92
2024-10-26 11:18:19,SA-37/TEMPERATURE,28.45
2024-10-26 11:18:43,SA-37/TEMPERATURE,27.98
2024-10-26 11:18:45,SA-37/TEMPERATURE,28.45
2024-10-26 11:18:51,SA-37/TEMPERATURE,27.98
2024-10-26 11:18:55,SA-37/TEMPERATURE,28.45
2024-10-26 11:19:01,SA-37/TEMPERATURE,27.98
2024-10-26 11:19:03,SA-37/TEMPERATURE,28.45
2024-10-26 11:19:07,SA-37/TEMPERATURE,27.98
2024-10-26 11:20:11,SA-37/TEMPERATURE,27.51
2024-10-26 11:20:15,SA-37/TEMPERATURE,27.98
2024-10-26 11:20:17,SA-37/TEMPERATURE,27.51
2024-10-26 11:20:23,SA-37/TEMPERATURE,27.98
2024-10-26 11:20:25,SA-37/TEMPERATURE,27.51
2024-10-26 11:20:28,SA-37/TEMPERATURE,27.98
2024-10-26 11:20:30,SA-37/TEMPERATURE,27.51
2024-10-26 11:20:31,SA-37/TEMPERATURE,27.98
2024-10-26 11:20:33,SA-37/TEMPERATURE,27.51
2024-10-26 11:21:05,SA-37/TEMPERATURE,27.98
2024-10-26 11:21:07,SA-37/TEMPERATURE,27.51
2024-10-26 11:21:09,SA-37/TEMPERATURE,27.98
2024-10-26 11:21:13,SA-37/TEMPERATURE,27.51
2024-10-26 11:21:33,SA-37/TEMPERATURE,27.04
2024-10-26 11:21:35,SA-37/TEMPERATURE,27.51
2024-10-26 11:21:47,SA-37/TEMPERATURE,27.04
2024-10-26 11:21:47,SA-37/TEMPERATURE,27.51
2024-10-26 11:21:49,SA-37/TEMPERATURE,27.04
2024-10-26 11:21:51,SA-37/TEMPERATURE,27.51
2024-10-26 11:22:05,SA-37/TEMPERATURE,27.04
2024-10-26 11:22:13,SA-37/TEMPERATURE,27.51
2024-10-26 11:22:21,SA-37/TEMPERATURE,27.04
2024-10-26 11:22:27,SA-37/TEMPERATURE,27.51
2024-10-26 11:22:29,SA-37/TEMPERATURE,27.04
2024-10-26 11:22:31,SA-37/TEMPERATURE,27.51
2024-10-26 11:22:37,SA-37/TEMPERATURE,27.04
2024-10-26 11:22:39,SA-37/TEMPERATURE,27.51
2024-10-26 11:22:43,SA-37/TEMPERATURE,27.04
2024-10-26 11:22:47,SA-37/TEMPERATURE,27.51
2024-10-26 11:22:59,SA-37/TEMPERATURE,27.98
2024-10-26 11:23:01,SA-37/TEMPERATURE,27.51
2024-10-26 11:23:08,SA-37/TEMPERATURE,27.98
2024-10-26 11:23:12,SA-37/TEMPERATURE,27.51
2024-10-26 11:23:20,SA-37/TEMPERATURE,27.98
2024-10-26 11:24:12,SA-37/TEMPERATURE,28.45
2024-10-26 11:24:14,SA-37/TEMPERATURE,27.98
2024-10-26 11:24:22,SA-37/TEMPERATURE,28.45
2024-10-26 11:24:24,SA-37/TEMPERATURE,27.98
2024-10-26 11:24:26,SA-37/TEMPERATURE,28.45
2024-10-26 11:24:28,SA-37/TEMPERATURE,27.98
2024-10-26 11:24:30,SA-37/TEMPERATURE,28.45
2024-10-26 11:24:34,SA-37/TEMPERATURE,27.98
2024-10-26 11:24:38,SA-37/TEMPERATURE,28.45
2024-10-26 11:24:42,SA-37/TEMPERATURE,27.98
2024-10-26 11:24:44,SA-37/TEMPERATURE,28.45
2024-10-26 11:24:48,SA-37/TEMPERATURE,27.98
2024-10-26 11:24:50,SA-37/TEMPERATURE,28.45
2024-10-26 11:25:00,SA-37/TEMPERATURE,28.92
2024-10-26 11:25:02,SA-37/TEMPERATURE,28.45
2024-10-26 11:25:36,SA-37/TEMPERATURE,27.98
2024-10-26 11:25:38,SA-37/TEMPERATURE,28.45
2024-10-26 11:26:40,SA-37/TEMPERATURE,28.92
2024-10-26 11:26:42,SA-37/TEMPERATURE,28.45
2024-10-26 11:26:46,SA-37/TEMPERATURE,28.92
2024-10-26 11:26:48,SA-37/TEMPERATURE,28.45
2024-10-26 11:26:54,SA-37/TEMPERATURE,28.92
2024-10-26 11:26:56,SA-37/TEMPERATURE,28.45
2024-10-26 11:27:06,SA-37/TEMPERATURE,28.92
2024-10-26 11:27:08,SA-37/TEMPERATURE,28.45
2024-10-26 11:27:12,SA-37/TEMPERATURE,28.92
2024-10-26 11:27:14,SA-37/TEMPERATURE,28.45
2024-10-26 11:27:28,SA-37/TEMPERATURE,28.92
2024-10-26 11:27:30,SA-37/TEMPERATURE,28.45
2024-10-26 11:27:32,SA-37/TEMPERATURE,28.92
2024-10-26 11:27:42,SA-37/TEMPERATURE,28.45
2024-10-26 11:27:44,SA-37/TEMPERATURE,28.92
2024-10-26 11:27:46,SA-37/TEMPERATURE,28.45
2024-10-26 11:27:50,SA-37/TEMPERATURE,28.92
2024-10-26 11:27:56,SA-37/TEMPERATURE,28.45
2024-10-26 11:27:58,SA-37/TEMPERATURE,28.92
2024-10-26 11:28:04,SA-37/TEMPERATURE,28.45
2024-10-26 11:28:36,SA-37/TEMPERATURE,27.98
2024-10-26 11:28:38,SA-37/TEMPERATURE,28.45
2024-10-26 11:28:40,SA-37/TEMPERATURE,27.98
2024-10-26 11:28:44,SA-37/TEMPERATURE,28.45
2024-10-26 11:28:46,SA-37/TEMPERATURE,27.98
2024-10-26 11:28:48,SA-37/TEMPERATURE,28.45
2024-10-26 11:28:50,SA-37/TEMPERATURE,27.98
2024-10-26 11:28:58,SA-37/TEMPERATURE,28.45
2024-10-26 11:29:00,SA-37/TEMPERATURE,27.98
2024-10-26 11:29:04,SA-37/TEMPERATURE,28.45
2024-10-26 11:29:10,SA-37/TEMPERATURE,27.98
2024-10-26 11:29:42,SA-37/TEMPERATURE,27.51
2024-10-26 11:29:44,SA-37/TEMPERATURE,27.98
2024-10-26 11:30:06,SA-37/TEMPERATURE,27.51
2024-10-26 11:30:08,SA-37/TEMPERATURE,27.98
2024-10-26 11:30:36,SA-37/TEMPERATURE,27.51
2024-10-26 11:30:40,SA-37/TEMPERATURE,27.98
2024-10-26 11:30:44,SA-37/TEMPERATURE,27.51
2024-10-26 11:30:55,SA-37/TEMPERATURE,27.98
2024-10-26 11:30:57,SA-37/TEMPERATURE,27.51
2024-10-26 11:30:59,SA-37/TEMPERATURE,27.98
2024-10-26 11:31:05,SA-37/TEMPERATURE,27.51
2024-10-26 11:31:07,SA-37/TEMPERATURE,27.98
2024-10-26 11:31:09,SA-37/LED_LEVEL,5
2024-10-26 11:31:09,SA-37/TEMPERATURE,27.51
2024-10-26 11:31:10,SA-37/LED_LEVEL,6
2024-10-26 11:31:10,SA-37/LED_LEVEL,4
2024-10-26 11:31:11,SA-37/TEMPERATURE,27.98
2024-10-26 11:31:12,SA-37/LED_LEVEL,3
2024-10-26 11:31:13,SA-37/TEMPERATURE,27.51
2024-10-26 11:31:14,SA-37/LED_LEVEL,2
2024-10-26 11:31:16,SA-37/LED_LEVEL,3
2024-10-26 11:31:17,SA-37/LED_LEVEL,4
2024-10-26 11:31:18,SA-37/LED_LEVEL,5
2024-10-26 11:31:23,SA-37/TEMPERATURE,27.98
2024-10-26 11:31:25,SA-37/TEMPERATURE,27.51
2024-10-26 11:31:30,SA-37/LED_LEVEL,6
2024-10-26 11:31:32,SA-37/LED_LEVEL,7
2024-10-26 11:32:03,SA-37/TEMPERATURE,27.98
2024-10-26 11:32:05,SA-37/TEMPERATURE,27.51
2024-10-26 11:32:11,SA-37/TEMPERATURE,27.98
2024-10-26 11:32:20,SA-37/TEMPERATURE,27.51
2024-10-26 11:32:21,SA-37/TEMPERATURE,27.98
2024-10-26 11:32:23,SA-37/TEMPERATURE,27.51
2024-10-26 11:32:25,SA-37/TEMPERATURE,27.98
2024-10-26 11:32:27,SA-37/TEMPERATURE,27.51
2024-10-26 11:32:29,SA-37/TEMPERATURE,27.98
2024-10-26 11:32:45,SA-37/TEMPERATURE,27.51
2024-10-26 11:32:47,SA-37/TEMPERATURE,27.98
2024-10-26 11:32:56,SA-37/TEMPERATURE,28.45
2024-10-26 11:32:57,SA-37/TEMPERATURE,27.98
2024-10-26 11:33:12,SA-37/TEMPERATURE,28.45
2024-10-26 11:33:13,SA-37/TEMPERATURE,27.98
2024-10-26 11:33:18,SA-37/TEMPERATURE,28.45
2024-10-26 11:33:20,SA-37/TEMPERATURE,27.98
2024-10-26 11:33:33,SA-37/TEMPERATURE,28.45
2024-10-26 11:33:39,SA-37/TEMPERATURE,27.98
2024-10-26 11:33:42,SA-37/TEMPERATURE,28.45
2024-10-26 11:33:49,SA-37/TEMPERATURE,27.98
2024-10-26 11:33:55,SA-37/TEMPERATURE,28.45
2024-10-26 11:33:59,SA-37/TEMPERATURE,27.98
2024-10-26 11:34:02,SA-37/TEMPERATURE,28.45
2024-10-26 11:34:03,SA-37/LED_LEVEL,8
2024-10-26 11:34:04,SA-37/TEMPERATURE,27.98
2024-10-26 11:34:04,SA-37/LED_LEVEL,9
2024-10-26 11:34:06,SA-37/TEMPERATURE,28.45
2024-10-26 11:34:37,SA-37/TEMPERATURE,28.92
2024-10-26 11:34:39,SA-37/TEMPERATURE,28.45
2024-10-26 11:34:57,SA-37/TEMPERATURE,28.92
2024-10-26 11:34:59,SA-37/TEMPERATURE,28.45
2024-10-26 11:35:07,SA-37/TEMPERATURE,28.92
2024-10-26 11:35:10,SA-37/TEMPERATURE,28.45
2024-10-26 11:35:18,SA-37/TEMPERATURE,28.92
2024-10-26 11:35:21,SA-37/TEMPERATURE,28.45
2024-10-26 11:35:24,SA-37/TEMPERATURE,28.92
2024-10-26 11:35:27,SA-37/TEMPERATURE,28.45
2024-10-26 11:35:29,SA-37/TEMPERATURE,28.92
2024-10-26 11:35:35,SA-37/TEMPERATURE,28.45
2024-10-26 11:35:37,SA-37/TEMPERATURE,28.92
2024-10-26 11:35:39,SA-37/TEMPERATURE,28.45
2024-10-26 11:35:42,SA-37/TEMPERATURE,28.92
2024-10-26 11:35:44,SA-37/TEMPERATURE,28.45
2024-10-26 11:35:47,SA-37/TEMPERATURE,28.92
2024-10-26 11:35:58,SA-37/TEMPERATURE,28.45
2024-10-26 11:36:01,SA-37/TEMPERATURE,28.92
2024-10-26 11:36:03,SA-37/TEMPERATURE,28.45
2024-10-26 11:36:10,SA-37/TEMPERATURE,28.92
2024-10-26 11:36:13,SA-37/LED_LEVEL,8
2024-10-26 11:36:16,SA-37/LED_LEVEL,7
2024-10-26 11:36:29,SA-37/TEMPERATURE,28.45
2024-10-26 11:36:29,SA-37/TEMPERATURE,28.92
2024-10-26 11:36:37,SA-37/TEMPERATURE,28.45
2024-10-26 11:36:39,SA-37/TEMPERATURE,28.92
2024-10-26 11:36:41,SA-37/TEMPERATURE,28.45
2024-10-26 11:36:47,SA-37/TEMPERATURE,28.92
2024-10-26 11:36:53,SA-37/TEMPERATURE,28.45
2024-10-26 11:36:55,SA-37/TEMPERATURE,28.92
2024-10-26 11:37:08,SA-37/TEMPERATURE,28.45
2024-10-26 11:37:09,SA-37/TEMPERATURE,28.92
2024-10-26 11:37:11,SA-37/TEMPERATURE,28.45
2024-10-26 11:37:13,SA-37/TEMPERATURE,28.92
2024-10-26 11:37:52,SA-37/TEMPERATURE,28.45
2024-10-26 11:37:53,SA-37/TEMPERATURE,28.92
2024-10-26 11:38:13,SA-37/TEMPERATURE,28.45
2024-10-26 11:38:15,SA-37/TEMPERATURE,28.92
2024-10-26 11:38:40,SA-37/TEMPERATURE,28.45
2024-10-26 11:38:45,SA-37/TEMPERATURE,28.92
2024-10-26 11:38:47,SA-37/TEMPERATURE,28.45
2024-10-26 11:38:49,SA-37/TEMPERATURE,28.92
2024-10-26 11:38:52,SA-37/TEMPERATURE,28.45
2024-10-26 11:38:59,SA-37/TEMPERATURE,28.92
2024-10-26 11:39:01,SA-37/TEMPERATURE,28.45
2024-10-26 11:39:43,SA-37/TEMPERATURE,27.98
2024-10-26 11:39:45,SA-37/TEMPERATURE,28.45
2024-10-26 11:39:49,SA-37/TEMPERATURE,27.98
2024-10-26 11:39:56,SA-37/TEMPERATURE,28.45
2024-10-26 11:39:57,SA-37/TEMPERATURE,27.98
2024-10-26 11:40:04,SA-37/TEMPERATURE,28.45
2024-10-26 11:40:06,SA-37/TEMPERATURE,27.98
2024-10-26 11:41:27,SA-37/TEMPERATURE,27.51
2024-10-26 11:41:29,SA-37/TEMPERATURE,27.98
2024-10-26 11:41:38,SA-37/TEMPERATURE,27.51
2024-10-26 11:41:41,SA-37/TEMPERATURE,27.98
2024-10-26 11:41:43,SA-37/TEMPERATURE,27.51
2024-10-26 11:41:43,SA-37/TEMPERATURE,27.98
2024-10-26 11:41:45,SA-37/TEMPERATURE,27.51
2024-10-26 11:41:51,SA-37/TEMPERATURE,27.98
2024-10-26 11:41:53,SA-37/TEMPERATURE,27.51
2024-10-26 11:41:57,SA-37/TEMPERATURE,27.98
2024-10-26 11:42:02,SA-37/TEMPERATURE,27.51
2024-10-26 11:42:03,SA-37/TEMPERATURE,27.98
2024-10-26 11:42:05,SA-37/LED_LEVEL,9
2024-10-26 11:42:06,SA-37/LED_LEVEL,10
2024-10-26 11:42:08,SA-37/LED_LEVEL,9
2024-10-26 11:42:08,SA-37/LED_LEVEL,8
2024-10-26 11:42:09,SA-37/LED_LEVEL,7
2024-10-26 11:42:10,SA-37/LED_LEVEL,6
2024-10-26 11:42:11,SA-37/TEMPERATURE,27.51
2024-10-26 11:42:15,SA-37/TEMPERATURE,27.98
2024-10-26 11:42:31,SA-37/TEMPERATURE,28.45
2024-10-26 11:42:33,SA-37/TEMPERATURE,27.98
2024-10-26 11:42:46,SA-37/TEMPERATURE,28.45
2024-10-26 11:42:48,SA-37/TEMPERATURE,27.98
2024-10-26 11:42:49,SA-37/TEMPERATURE,28.45
2024-10-26 11:42:52,SA-37/TEMPERATURE,27.98
2024-10-26 11:42:53,SA-37/TEMPERATURE,28.45
2024-10-26 11:42:55,SA-37/TEMPERATURE,27.98
2024-10-26 11:42:57,SA-37/TEMPERATURE,28.45
2024-10-26 11:43:00,SA-37/TEMPERATURE,27.98
2024-10-26 11:43:01,SA-37/TEMPERATURE,28.45
2024-10-26 11:43:12,SA-37/TEMPERATURE,27.98
2024-10-26 11:43:17,SA-37/TEMPERATURE,28.45
2024-10-26 11:43:19,SA-37/TEMPERATURE,27.98
2024-10-26 11:43:21,SA-37/TEMPERATURE,28.45
2024-10-26 11:43:23,SA-37/TEMPERATURE,27.98
2024-10-26 11:43:25,SA-37/TEMPERATURE,28.45
2024-10-26 11:44:15,SA-37/TEMPERATURE,28.92
2024-10-26 11:44:17,SA-37/TEMPERATURE,28.45
2024-10-26 11:44:21,SA-37/TEMPERATURE,28.92
2024-10-26 11:44:22,SA-37/TEMPERATURE,28.45
2024-10-26 11:44:35,SA-37/TEMPERATURE,28.92
2024-10-26 11:44:43,SA-37/TEMPERATURE,28.45
2024-10-26 11:45:03,SA-37/TEMPERATURE,28.92
2024-10-26 11:45:05,SA-37/TEMPERATURE,28.45
2024-10-26 11:45:08,SA-37/TEMPERATURE,28.92
2024-10-26 11:45:09,SA-37/TEMPERATURE,28.45
